<?xml version="1.0" encoding="UTF-8"?>
<project-private xmlns="http://www.netbeans.org/ns/project-private/1">
    <editor-bookmarks xmlns="http://www.netbeans.org/ns/editor-bookmarks/2" lastBookmarkId="0"/>
    <open-files xmlns="http://www.netbeans.org/ns/projectui-open-files/2">
        <group>
            <file>file:/C:/Users/stone/Documents/JavaApplication5/src/javaapplication5/azure.java</file>
            <file>file:/C:/Users/stone/Documents/JavaApplication5/src/javaapplication5/Doctor.java</file>
            <file>file:/C:/Users/stone/Documents/JavaApplication5/src/javaapplication5/Nurse.java</file>
            <file>file:/C:/Users/stone/Documents/JavaApplication5/src/javaapplication5/Login.java</file>
            <file>file:/C:/Users/stone/Documents/JavaApplication5/src/javaapplication5/Patient.java</file>
        </group>
    </open-files>
</project-private>
